window,dom_fre_gt,dom_fre_pre
1,0.35000000000000003,0.2
2,0.25,0.2
3,0.30000000000000004,0.2
4,0.30000000000000004,0.2
5,0.30000000000000004,0.2
6,0.30000000000000004,0.2
7,0.30000000000000004,0.2
8,0.25,0.2
9,0.30000000000000004,0.2
10,0.30000000000000004,0.2
11,0.30000000000000004,0.2
12,0.25,0.2
13,0.30000000000000004,0.2
14,0.30000000000000004,0.2
15,0.30000000000000004,0.2
16,0.25,0.2
17,0.25,0.2
18,0.25,0.2
19,0.30000000000000004,0.2
20,0.25,0.2
21,0.2,0.2
