window,dom_fre_gt,dom_fre_pre
1,0.30000000000000004,0.2
2,0.2,0.2
3,0.25,0.25
4,0.25,0.25
5,0.25,0.25
6,0.25,0.25
7,0.25,0.25
8,0.25,0.25
9,0.25,0.25
10,0.05,0.1
11,0.25,0.25
12,0.2,0.30000000000000004
13,0.25,0.25
14,0.25,0.2
15,0.2,0.2
16,0.25,0.25
17,0.2,0.2
18,0.25,0.25
19,0.2,0.25
20,0.2,0.2
21,0.2,0.2
22,0.2,0.2
23,0.25,0.25
24,0.15000000000000002,0.15000000000000002
25,0.30000000000000004,0.25
26,0.15000000000000002,0.30000000000000004
