window,dom_fre_gt,dom_fre_pre
1,0.15000000000000002,0.15000000000000002
2,0.25,0.25
3,0.2,0.25
4,0.25,0.2
5,0.25,0.25
6,0.25,0.25
7,0.2,0.2
8,0.2,0.2
9,0.25,0.2
10,0.25,0.25
11,0.2,0.2
12,0.25,0.2
13,0.2,0.2
14,0.25,0.25
15,0.25,0.25
16,0.25,0.25
17,0.2,0.15000000000000002
18,0.25,0.25
19,0.25,0.2
20,0.25,0.2
21,0.25,0.25
22,0.2,0.2
23,0.25,0.25
24,0.25,0.2
25,0.05,0.30000000000000004
26,0.2,0.25
27,0.2,0.2
28,0.2,0.25
